Afghanistan,Albania,Algeria,Andorra,Antigua and Barbuda,Argentina,Armenia,Aruba,Australia,Austria,Azerbaijan,Bahrain,Bangladesh,Belarus,Belgium,Benin,Bhutan,Bolivia,Bosnia and Herzegovina,Brazil,Brunei,Bulgaria,Burkina Faso,Cambodia,Cameroon,Canada,Central African Republic,Chile,China,Colombia,Congo (Brazzaville),Congo (Kinshasa),Costa Rica,Cote d'Ivoire,Croatia,Cruise Ship,Cuba,Cyprus,Czechia,Denmark,Dominican Republic,Ecuador,Egypt,Equatorial Guinea,Estonia,Eswatini,Ethiopia,Finland,France,French Guiana,Gabon,Georgia,Germany,Ghana,Greece,Greenland,Guadeloupe,Guam,Guatemala,Guernsey,Guinea,Guyana,Holy See,Honduras,Hungary,Iceland,India,Indonesia,Iran,Iraq,Ireland,Israel,Italy,Jamaica,Japan,Jersey,Jordan,Kazakhstan,Kenya,"Korea, South",Kosovo,Kuwait,Latvia,Lebanon,Liberia,Liechtenstein,Lithuania,Luxembourg,Malaysia,Maldives,Malta,Martinique,Mauritania,Mayotte,Mexico,Moldova,Monaco,Mongolia,Morocco,Namibia,Nepal,Netherlands,New Zealand,Nigeria,North Macedonia,Norway,Oman,Pakistan,Panama,Paraguay,Peru,Philippines,Poland,Portugal,Puerto Rico,Qatar,Republic of the Congo,Reunion,Romania,Russia,Rwanda,Saint Lucia,Saint Vincent and the Grenadines,San Marino,Saudi Arabia,Senegal,Serbia,Seychelles,Singapore,Slovakia,Slovenia,Somalia,South Africa,Spain,Sri Lanka,Sudan,Suriname,Sweden,Switzerland,Taiwan*,Tanzania,Thailand,The Bahamas,Togo,Trinidad and Tobago,Tunisia,Turkey,US,Ukraine,United Arab Emirates,United Kingdom,Uruguay,Uzbekistan,Venezuela,Vietnam,occupied Palestinian territory
1.0,2.0,1.0,1.0,1.0,1.0,1.0,2.0,4.0,2.0,3.0,1.0,3.0,1.0,1.0,1.0,1.0,2.0,2.0,1.0,1.0,4.0,1.0,1.0,1.0,1.0,1.0,1.0,548,1.0,1.0,1.0,1.0,1.0,1.0,61.0,3.0,2.0,3.0,1.0,1.0,6.0,1.0,1.0,1.0,1.0,1.0,1.0,2.0,11.0,1.0,1.0,1.0,3.0,1.0,1.0,1.0,3.0,1.0,1.0,1.0,1.0,1.0,2.0,2.0,1.0,1.0,2.0,2.0,1.0,1.0,1.0,2.0,1.0,2,2.0,1.0,4.0,1.0,1,2.0,1.0,1.0,1.0,1.0,1.0,1.0,1.0,3.0,4.0,3.0,2.0,1.0,1.0,1.0,1.0,1.0,1.0,1.0,2.0,1.0,1.0,1.0,1.0,1.0,1.0,2.0,2.0,1.0,1.0,1.0,1.0,1.0,2.0,3.0,1.0,1.0,1.0,1.0,2.0,1.0,1.0,1.0,1.0,1.0,1.0,1.0,2.0,1.0,1.0,2.0,1.0,1.0,1.0,1.0,1.0,1.0,1.0,1.0,1,1.0,2,1.0,1.0,2.0,1.0,1.0,1,1.0,4.0,2.0,4.0,1.0,2.0,2.0,
1.0,10.0,1.0,1.0,1.0,1.0,1.0,2.0,5.0,2.0,3.0,23.0,3.0,1.0,1.0,,1.0,2.0,2.0,1.0,1.0,4.0,2.0,1.0,1.0,1.0,1.0,1.0,643,1.0,1.0,1.0,1.0,1.0,3.0,61.0,4.0,3.0,3.0,1.0,1.0,6.0,1.0,1.0,1.0,1.0,1.0,1.0,3.0,,1.0,1.0,4.0,6.0,3.0,,1.0,,1.0,1.0,1.0,1.0,1.0,2.0,2.0,1.0,1.0,2.0,5.0,1.0,1.0,1.0,2.0,2.0,1,2.0,1.0,6.0,1.0,1,2.0,11.0,1.0,1.0,,1.0,1.0,1.0,4.0,4.0,3.0,2.0,1.0,,4.0,1.0,1.0,1.0,1.0,2.0,1.0,1.0,1.0,1.0,1.0,1.0,2.0,2.0,8.0,1.0,1.0,1.0,1.0,2.0,,3.0,,1.0,1.0,2.0,1.0,2.0,1.0,1.0,1.0,2.0,1.0,2.0,3.0,1.0,7.0,,1.0,1.0,1.0,1.0,1.0,1.0,1.0,1,,3,,1.0,2.0,1.0,1.0,1,1.0,4.0,2.0,4.0,6.0,10.0,2.0,
1.0,12.0,1.0,1.0,1.0,1.0,1.0,2.0,5.0,3.0,3.0,33.0,3.0,1.0,1.0,,1.0,3.0,3.0,1.0,11.0,4.0,2.0,1.0,2.0,2.0,,4.0,920,1.0,,2.0,5.0,1.0,3.0,64.0,4.0,6.0,5.0,3.0,1.0,7.0,1.0,,1.0,1.0,1.0,1.0,3.0,,1.0,1.0,4.0,6.0,4.0,,3.0,,2.0,1.0,1.0,1.0,1.0,2.0,2.0,3.0,1.0,2.0,18.0,5.0,1.0,1.0,2.0,8.0,2,2.0,1.0,9.0,3.0,2,,26.0,1.0,1.0,,1.0,1.0,1.0,4.0,6.0,3.0,2.0,1.0,,5.0,3.0,1.0,1.0,1.0,2.0,1.0,6.0,1.0,1.0,1.0,6.0,4.0,2.0,11.0,1.0,6.0,1.0,5.0,5.0,,3.0,,5.0,3.0,2.0,5.0,2.0,1.0,1.0,1.0,4.0,1.0,3.0,3.0,3.0,7.0,,1.0,1.0,1.0,1.0,1.0,1.0,8.0,3,,5,,1.0,4.0,1.0,5.0,2,1.0,4.0,2.0,8.0,,17.0,2.0,
1.0,23.0,1.0,1.0,1.0,2.0,1.0,2.0,6.0,3.0,3.0,33.0,3.0,1.0,1.0,,1.0,10.0,3.0,2.0,11.0,7.0,2.0,1.0,2.0,2.0,,4.0,1406,1.0,,2.0,9.0,1.0,5.0,135.0,4.0,6.0,8.0,4.0,1.0,10.0,1.0,,1.0,,5.0,1.0,3.0,,,1.0,4.0,,4.0,,6.0,,,,1.0,4.0,1.0,2.0,4.0,6.0,2.0,2.0,28.0,7.0,2.0,1.0,2.0,8.0,2,,1.0,10.0,3.0,2,,43.0,1.0,1.0,,1.0,1.0,1.0,4.0,8.0,5.0,2.0,,,5.0,3.0,1.0,1.0,2.0,,1.0,10.0,1.0,1.0,1.0,15.0,4.0,4.0,27.0,5.0,7.0,2.0,5.0,8.0,,7.0,,6.0,3.0,2.0,,,,1.0,5.0,4.0,1.0,,4.0,3.0,16.0,,3.0,1.0,1.0,1.0,,1.0,8.0,3,,7,,1.0,,1.0,5.0,2,1.0,4.0,2.0,,,,2.0,
1.0,33.0,1.0,1.0,,8.0,1.0,,9.0,9.0,6.0,36.0,3.0,1.0,1.0,,1.0,10.0,3.0,2.0,37.0,7.0,2.0,1.0,2.0,2.0,,4.0,2075,3.0,,2.0,9.0,1.0,6.0,135.0,4.0,14.0,12.0,4.0,1.0,13.0,1.0,,1.0,,,1.0,4.0,,,3.0,5.0,,7.0,,,,,,,4.0,1.0,3.0,7.0,11.0,3.0,4.0,43.0,7.0,6.0,1.0,2.0,10.0,4,,1.0,,,3,,45.0,1.0,1.0,,1.0,1.0,1.0,7.0,8.0,6.0,3.0,,,5.0,3.0,1.0,1.0,2.0,,1.0,18.0,1.0,1.0,1.0,19.0,4.0,4.0,36.0,5.0,11.0,2.0,11.0,13.0,,8.0,,7.0,3.0,2.0,,,,8.0,5.0,4.0,5.0,,5.0,7.0,16.0,,3.0,1.0,1.0,,,1.0,18.0,4,,8,,1.0,,2.0,6.0,5,1.0,5.0,2.0,,,,2.0,
1.0,38.0,1.0,1.0,,12.0,1.0,,9.0,14.0,6.0,41.0,3.0,6.0,1.0,,1.0,11.0,5.0,2.0,40.0,23.0,3.0,1.0,2.0,4.0,,8.0,2877,9.0,,2.0,13.0,1.0,7.0,175.0,,26.0,18.0,6.0,2.0,13.0,1.0,,2.0,,,1.0,5.0,,,3.0,8.0,,7.0,,,,,,,,1.0,6.0,9.0,26.0,3.0,4.0,61.0,13.0,6.0,2.0,2.0,10.0,4,,1.0,,,4,,45.0,1.0,2.0,,1.0,1.0,1.0,8.0,9.0,6.0,3.0,,,5.0,6.0,1.0,1.0,2.0,,1.0,24.0,3.0,1.0,1.0,25.0,6.0,4.0,43.0,6.0,11.0,2.0,16.0,20.0,,8.0,,9.0,3.0,2.0,,,,10.0,5.0,4.0,12.0,,7.0,10.0,31.0,,7.0,1.0,1.0,,,1.0,27.0,5,,8,,1.0,,2.0,18.0,5,1.0,5.0,2.0,,,,2.0,
1.0,42.0,3.0,1.0,,12.0,1.0,,12.0,18.0,9.0,47.0,3.0,6.0,1.0,,1.0,,7.0,2.0,50.0,41.0,15.0,1.0,2.0,4.0,,8.0,5509,9.0,,,22.0,,7.0,175.0,,26.0,19.0,11.0,2.0,13.0,1.0,,2.0,,,1.0,5.0,,,3.0,10.0,,7.0,,,,,,,,1.0,,9.0,34.0,3.0,6.0,95.0,19.0,18.0,3.0,2.0,,7,,1.0,,,4,,45.0,2.0,2.0,,1.0,1.0,2.0,8.0,10.0,12.0,3.0,,,5.0,12.0,1.0,1.0,2.0,,1.0,38.0,3.0,1.0,1.0,32.0,6.0,5.0,55.0,6.0,15.0,2.0,22.0,30.0,,8.0,,,3.0,2.0,,,,16.0,11.0,4.0,19.0,,7.0,16.0,57.0,,13.0,1.0,1.0,,,1.0,42.0,8,,14,,1.0,,5.0,,5,1.0,5.0,2.0,,,,2.0,
1.0,51.0,5.0,1.0,,17.0,1.0,,12.0,21.0,9.0,49.0,5.0,6.0,1.0,,1.0,,11.0,4.0,54.0,51.0,,1.0,2.0,4.0,,13.0,6087,13.0,,,23.0,,9.0,218.0,,33.0,31.0,11.0,5.0,14.0,1.0,,3.0,,,1.0,5.0,,,3.0,12.0,,9.0,,,,,,,,1.0,,13.0,43.0,3.0,19.0,139.0,26.0,18.0,4.0,3.0,,7,,1.0,,,4,,56.0,6.0,2.0,,1.0,1.0,2.0,8.0,13.0,18.0,9.0,,,6.0,23.0,1.0,,2.0,,1.0,82.0,4.0,1.0,1.0,56.0,6.0,5.0,,6.0,28.0,2.0,31.0,30.0,,8.0,,,4.0,2.0,,,,21.0,15.0,4.0,35.0,,10.0,32.0,89.0,,17.0,1.0,1.0,,,1.0,56.0,8,,14,,1.0,,7.0,,5,1.0,5.0,3.0,,,,2.0,
1.0,,12.0,1.0,,19.0,1.0,,12.0,29.0,9.0,49.0,8.0,6.0,1.0,,1.0,,13.0,4.0,,52.0,,1.0,2.0,4.0,,23.0,8141,22.0,,,26.0,,10.0,285.0,,,31.0,24.0,5.0,15.0,1.0,,10.0,,,1.0,6.0,,,4.0,12.0,,31.0,,,,,,,,1.0,,13.0,50.0,3.0,27.0,245.0,32.0,19.0,7.0,3.0,,11,,1.0,,,4,,56.0,8.0,4.0,,1.0,1.0,3.0,8.0,13.0,21.0,9.0,,,6.0,23.0,1.0,,3.0,,1.0,128.0,5.0,1.0,1.0,87.0,12.0,5.0,,8.0,38.0,3.0,49.0,41.0,,15.0,,,6.0,2.0,,,,21.0,20.0,4.0,46.0,,13.0,44.0,141.0,,24.0,2.0,1.0,,,1.0,90.0,9,,14,,1.0,,7.0,,5,1.0,5.0,3.0,,,,2.0,
1.0,,12.0,1.0,,19.0,1.0,,13.0,41.0,11.0,52.0,,6.0,1.0,,1.0,,18.0,13.0,,,,1.0,2.0,4.0,,23.0,9802,34.0,,,27.0,,10.0,355.0,,,41.0,24.0,5.0,15.0,1.0,,10.0,,,1.0,6.0,,,4.0,12.0,,45.0,,,,,,,,1.0,,19.0,50.0,3.0,34.0,388.0,35.0,21.0,10.0,3.0,,15,,1.0,,,11,,56.0,10.0,10.0,,1.0,1.0,3.0,8.0,,30.0,15.0,,,7.0,,1.0,,5.0,,1.0,188.0,5.0,1.0,3.0,108.0,15.0,6.0,,,43.0,3.0,68.0,59.0,,18.0,,,9.0,2.0,,,,23.0,21.0,4.0,48.0,,16.0,54.0,181.0,,38.0,2.0,1.0,,,1.0,114.0,10,,19,,1.0,,16.0,,7,1.0,5.0,3.0,,,,6.0,
1.0,,17.0,1.0,,31.0,1.0,,13.0,55.0,11.0,55.0,,6.0,1.0,,1.0,,24.0,13.0,,,,1.0,4.0,5.0,,43.0,11891,54.0,,,35.0,,11.0,454.0,,,91.0,37.0,5.0,17.0,1.0,,10.0,,,1.0,6.0,,,4.0,12.0,,46.0,,,,,,,,1.0,,30.0,58.0,3.0,34.0,593.0,35.0,34.0,10.0,3.0,,20,,1.0,,,12,,58.0,10.0,13.0,,4.0,1.0,5.0,10.0,,,,,,7.0,,1.0,,6.0,,1.0,265.0,5.0,2.0,3.0,147.0,16.0,6.0,,,86.0,3.0,103.0,59.0,,24.0,,,9.0,2.0,,,,36.0,45.0,4.0,55.0,,18.0,63.0,219.0,,51.0,2.0,1.0,,,1.0,214.0,10,,19,,1.0,,18.0,,8,3.0,7.0,8.0,,,,6.0,
1.0,,17.0,1.0,,34.0,4.0,,14.0,79.0,11.0,60.0,,9.0,1.0,,,,25.0,20.0,,,,1.0,,5.0,,61.0,16630,,,,,,12.0,542.0,,,94.0,92.0,5.0,17.0,1.0,,10.0,,,1.0,6.0,,,13.0,13.0,,73.0,,,,,,,,,,32.0,69.0,3.0,69.0,978.0,40.0,43.0,12.0,3.0,,20,,1.0,,,15,,58.0,17.0,13.0,,4.0,1.0,7.0,12.0,,,,,,7.0,,1.0,,7.0,,1.0,321.0,5.0,2.0,3.0,176.0,16.0,6.0,,,,3.0,119.0,112.0,,262.0,,,15.0,2.0,,,,36.0,86.0,10.0,,,18.0,,253.0,,62.0,2.0,1.0,,,1.0,268.0,10,,19,,,,18.0,,8,3.0,7.0,8.0,,,,8.0,
1.0,,19.0,1.0,,45.0,8.0,,15.0,104.0,15.0,85.0,,9.0,1.0,,,,,25.0,,,,1.0,,7.0,,74.0,19716,,,,,,12.0,621.0,,,141.0,264.0,5.0,17.0,1.0,,12.0,,,1.0,6.0,,,15.0,13.0,,73.0,,,,,,,,,,39.0,85.0,3.0,96.0,1501.0,54.0,43.0,15.0,3.0,,20,,8.0,,,15,,61.0,26.0,13.0,,4.0,3.0,19.0,12.0,,,,,,8.0,,2.0,,17.0,,1.0,382.0,5.0,2.0,3.0,205.0,16.0,6.0,,,,3.0,177.0,169.0,,262.0,,,15.0,2.0,,,,51.0,103.0,10.0,,,24.0,,,,,2.0,1.0,,,1.0,337.0,10,,19,,,,20.0,,11,3.0,8.0,9.0,,,,8.0,
4.0,,20.0,1.0,,56.0,18.0,,15.0,131.0,15.0,85.0,,12.0,1.0,,,,,31.0,,,,1.0,,7.0,,155.0,23707,,,,,,12.0,634.0,,,189.0,444.0,11.0,28.0,1.0,,16.0,,,1.0,6.0,,,15.0,14.0,,89.0,,,,,,,,,,,103.0,3.0,117.0,2336.0,60.0,90.0,20.0,3.0,,22,,17.0,,,16,,64.0,30.0,16.0,,,3.0,34.0,12.0,,,,,,12.0,,2.0,,28.0,,1.0,503.0,5.0,2.0,7.0,400.0,16.0,16.0,,,,3.0,,245.0,,320.0,,,25.0,2.0,,,,62.0,103.0,24.0,,,28.0,,,,,2.0,1.0,,,1.0,374.0,11,,25,,,,,,11,7.0,8.0,9.0,,,,8.0,
4.0,,20.0,2.0,,,26.0,,15.0,182.0,23.0,95.0,,27.0,1.0,,,,,38.0,,,,1.0,,7.0,,,27440,,,,,,14.0,634.0,,,253.0,617.0,11.0,28.0,1.0,,16.0,,,1.0,6.0,,,24.0,14.0,,99.0,,,,,,,,,,,134.0,3.0,134.0,2922.0,60.0,129.0,37.0,3.0,,22,,,,,19,,64.0,34.0,22.0,,,6.0,51.0,16.0,,,,,,12.0,,2.0,,29.0,,1.0,503.0,5.0,2.0,7.0,598.0,16.0,19.0,,,,3.0,,331.0,,337.0,,,45.0,2.0,,,,69.0,118.0,24.0,,,28.0,,,,,2.0,1.0,,,1.0,491.0,11,,25,,,,,,11,,8.0,9.0,,,,10.0,
5.0,,20.0,,,,52.0,,15.0,246.0,15.0,110.0,,27.0,1.0,,,,,52.0,,,,1.0,,7.0,,,30587,,,,,,19.0,634.0,,,298.0,804.0,11.0,37.0,1.0,,79.0,,,1.0,11.0,,,24.0,16.0,,99.0,,,,,,,,,,,156.0,3.0,,3513.0,71.0,129.0,43.0,3.0,,45,,,,,23,,69.0,,22.0,,,8.0,59.0,16.0,,,,,,26.0,,2.0,,,,1.0,804.0,6.0,2.0,7.0,702.0,18.0,20.0,,,,3.0,,,,401.0,,,49.0,2.0,,,,80.0,,,,,30.0,,,,,2.0,1.0,,,1.0,652.0,16,,25,,,,,,11,,8.0,9.0,,,,10.0,
7.0,,24.0,,,,,,15.0,302.0,,195.0,,27.0,1.0,,,,,151.0,,,,1.0,,7.0,,,34110,,,,,,19.0,691.0,,,,836.0,,,2.0,,115.0,,,1.0,11.0,,,25.0,16.0,,190.0,,,,,,,,,,,171.0,3.0,,4747.0,71.0,169.0,61.0,3.0,,25,,,,,24,,72.0,,32.0,,,12.0,77.0,18.0,,,,,,41.0,,7.0,,,,1.0,960.0,8.0,2.0,14.0,996.0,18.0,28.0,,,,3.0,,,,439.0,,,89.0,2.0,,,,80.0,,,,,33.0,,,,,2.0,1.0,,,1.0,652.0,16,,25,,,,,,11,,8.0,9.0,,,,13.0,
7.0,,26.0,,,,,,15.0,504.0,,195.0,,36.0,1.0,,,,,151.0,,,,1.0,,7.0,,,36814,,,,,,32.0,691.0,,,,875.0,,,2.0,,171.0,,,1.0,11.0,,,30.0,16.0,,228.0,,,,,,,,,,,180.0,3.0,,5823.0,71.0,,61.0,3.0,,25,,,,,24,,80.0,,32.0,,,17.0,,18.0,,,,,,53.0,,,,,,1.0,1136.0,8.0,2.0,14.0,1090.0,18.0,31.0,,,,3.0,,,,,,,123.0,2.0,,,,101.0,,,,,40.0,,,,,2.0,1.0,,,1.0,1139.0,17,,32,,,,,,11,,8.0,9.0,,,,13.0,
7.0,,37.0,,,,,,15.0,655.0,,189.0,,,1.0,,,,,162.0,,,,1.0,,7.0,,,39829,,,,,,38.0,691.0,,,,932.0,,,2.0,,205.0,,,1.0,11.0,,,33.0,16.0,,331.0,,,,,,,,,,,,3.0,,6566.0,101.0,,83.0,3.0,,26,,,,,25,,80.0,,41.0,,,,,18.0,,,,,,,,,,,,1.0,1414.0,,,14.0,1221.0,19.0,53.0,,,,3.0,,,,,,,131.0,2.0,,,,109.0,,,,,45.0,,,,,2.0,1.0,,,1.0,1359.0,18,,32,,,,,,11,,9.0,9.0,,,,14.0,
11.0,,48.0,,,,,,15.0,860.0,,210.0,,,1.0,,,,,200.0,,,,1.0,,7.0,,,42354,,,,,,49.0,705.0,,,,,,,2.0,,,,,1.0,11.0,,,33.0,16.0,,331.0,,,,,,,,,,,,3.0,,7161.0,110.0,,109.0,3.0,,26,,,,,27,,104.0,,61.0,,,,,19.0,,,,,,,,,,,,1.0,,,,18.0,1333.0,19.0,136.0,,,,3.0,,,,,,,158.0,2.0,,,,,,,,,47.0,,,,,2.0,1.0,,,1.0,2200.0,18,,32,,,,,,11,,9.0,9.0,,,,15.0,
16.0,,54.0,,,,,,15.0,1018.0,,214.0,,,1.0,,,,,,,,,1.0,,7.0,,,44386,,,,,,57.0,705.0,,,,,,,3.0,,,,,1.0,11.0,,,,16.0,,,,,,,,,,,,,,3.0,,8042.0,116.0,,131.0,3.0,,26,,,,,28,,112.0,,61.0,,,,,19.0,,,,,,,,,,,,1.0,,,,,,22.0,,,,,3.0,,,,,,,,2.0,,,,,,,,,50.0,,,,,2.0,1.0,,,1.0,2200.0,18,,33,,,,,,12,,9.0,9.0,,,,15.0,
21.0,,,,,,,,15.0,,,214.0,,,1.0,,,,,,,,,1.0,,7.0,,,44759,,,,,,,705.0,,,,,,,15.0,,,,,1.0,11.0,,,,16.0,,,,,,,,,,,,,,3.0,,9000.0,124.0,,161.0,20.0,,28,,,,,28,,123.0,,77.0,,,,,22.0,,,,,,,,,,,,1.0,,,,,,22.0,,,,,3.0,,,,,,,,2.0,,,,,,,,,58.0,,,,,2.0,1.0,,,1.0,,18,,33,,,,,,12,,9.0,9.0,,,,16.0,
,,,,,,,,15.0,,,,,,1.0,,,,,,,,,1.0,,8.0,,,59895,,,,,,,705.0,,,,,,,15.0,,,,,1.0,12.0,,,,16.0,,,,,,,,,,,,,,3.0,,10075.0,,,193.0,62.0,,28,,,,,28,,,,93.0,,,,,22.0,,,,,,,,,,,,1.0,,,,,,,,,,,3.0,,,,,,,,2.0,,,,,,,,,67.0,,,,,2.0,1.0,,,1.0,,18,,33,,,,,,13,,9.0,9.0,,,,16.0,
,,,,,,,,15.0,,,,,,1.0,,,,,,,,,1.0,,8.0,,,66358,,,,,,,705.0,,,,,,,49.0,,,,,1.0,12.0,,,,16.0,,,,,,,,,,,,,,3.0,,11364.0,,,251.0,155.0,,29,,,,,28,,,,110.0,,,,,22.0,,,,,,,,,,,,1.0,,,,,,,,,,,3.0,,,,,,,,2.0,,,,,,,,,72.0,,,,,2.0,1.0,,,1.0,,18,,33,,,,,,13,,9.0,9.0,,,,16.0,
,,,,,,,,15.0,,,,,,1.0,,,,,,,,,1.0,,8.0,,,68413,,,,,,,705.0,,,,,,,55.0,,,,,1.0,12.0,,,,16.0,,,,,,,,,,,,,,3.0,,12729.0,,,255.0,229.0,,43,,,,,28,,,,99.0,,,,,22.0,,,,,,,,,,,,1.0,,,,,,,,,,,3.0,,,,,,,,2.0,,,,,,,,,75.0,,,,,6.0,1.0,,,1.0,,18,,33,,,,,,13,,13.0,13.0,,,,16.0,
,,,,,,,,15.0,,,,,,1.0,,,,,,,,,1.0,,8.0,,,70513,,,,,,,706.0,,,,,,,59.0,,,,,1.0,12.0,,,,16.0,,,,,,,,,,,,,,3.0,,13938.0,,,,322.0,,59,,,,,29,,,,,,,,,22.0,,,,,,,,,,,,1.0,,,,,,,,,,,3.0,,,,,,,,2.0,,,,,,,,,77.0,,,,,13.0,1.0,,,1.0,,20,,34,,,,,,13,,13.0,13.0,,,,16.0,
,,,,,,,,19.0,,,,,,2.0,,,,,,,,,1.0,,9.0,,,72434,,,,,,,706.0,,,,,,,60.0,,,,,1.0,12.0,,,,16.0,,,,,,,,,,,,,,3.0,,14991.0,,,,453.0,,66,,,,,30,,,,,,,,,22.0,,,,,,,,,,,,1.0,,,,,,,,,,,3.0,,,,,,,,2.0,,,,,,,,,81.0,,,,,15.0,1.0,,,2.0,,22,,35,,,,,,13,,13.0,13.0,,,,16.0,
,,,,,,,,22.0,,,,,,8.0,,,,,,,,,1.0,,9.0,,,74211,,,,,,,706.0,,,,,,,67.0,,,,,1.0,12.0,,,,16.0,,,,,,,,,,,,,,3.0,,,,,,655.0,,74,,,,,31,,,,,,,,,22.0,,,,,,,,,,,,1.0,,,,,,,,,,,3.0,,,,,,,,2.0,,,,,,,,,84.0,,,,,32.0,1.0,,,7.0,,22,,35,,,,,,13,,13.0,15.0,,,,16.0,
,,,,,,,,22.0,,,,,,13.0,,,,,,,,,1.0,,9.0,,,74619,,,,,,,696.0,,,,,,,80.0,,,,,2.0,12.0,,,,16.0,,,,,,,,,,,,,,3.0,,,,,,888.0,,84,,,,,31,,,,,,,,,22.0,,,,,,,,,,,,1.0,,,,,,,,,,,3.0,,,,,,,,2.0,,,,,,,,,84.0,,,,,45.0,1.0,,,7.0,,23,,35,,,,,,13,,13.0,20.0,,,,16.0,
,,,,,,,,22.0,,,,,,23.0,,,,,,,,,1.0,,10.0,,,75077,,,,,,,696.0,,,,,,,109.0,,,,,2.0,12.0,,,,17.0,,,,,,,,,,,,,,3.0,,,,,,1128.0,,94,,,,,104,,,,,,,,,22.0,,,,,,,,,,,,1.0,,,,,,,,,,,3.0,,,,,,,,2.0,,,,,,,,,85.0,,,,,84.0,1.0,,,12.0,,24,,35,,,,,,13,,13.0,23.0,,,,16.0,
,,,,,,,,22.0,,,,,,50.0,,,,,,,,,1.0,,11.0,,,75550,,,,,,,696.0,,,,,,,110.0,,,,,2.0,12.0,,,,27.0,,,,,,,,,,,,,,3.0,,,,,,1694.0,,105,,,,,204,,,,,,,,,22.0,,,,,,,,,,,,1.0,,,,,,,,,,,3.0,,,,,,,,2.0,,,,,,,,,85.0,,,,,120.0,1.0,,,14.0,,26,,35,,,,,,15,,19.0,36.0,,,,16.0,
,,,,,,,,22.0,,,,,,109.0,,,,,,,,,1.0,,11.0,,,77001,,,,,,,696.0,,,,,,,150.0,,,,,3.0,12.0,,,,46.0,,,,,,,,,,,,,,3.0,,,,,,2036.0,,122,,,,,433,,,,,,,,,22.0,,,,,,,,,,,,1.0,,,,,,,,,,,3.0,,,,,,,,3.0,,,,,,,,,89.0,,,,,165.0,1.0,,,15.0,,26,,35,,,,,,15,,21.0,40.0,,,,16.0,
,,,,,,,,23.0,,,,,,169.0,,,,,,,,,1.0,,13.0,,,77022,,,,,,,696.0,,,,,,,,,,,,6.0,14.0,,,,48.0,,,,,,,,,,,,,,5.0,,,,,,2502.0,,147,,,,,602,,,,,,,,,22.0,,,,,,,,,,,,1.0,,,,,,,,,,,3.0,,,,,,,,3.0,,,,,,,,,89.0,,,,,222.0,1.0,,,21.0,,28,,35,,,,,,15,,21.0,51.0,,,,16.0,
,,,,,,,,23.0,,,,,,200.0,,,,,,,,,1.0,,14.0,,,77241,,,,,,,696.0,,,,,,,,,,,,6.0,18.0,,,,79.0,,,,,,,,,,,,,,5.0,,,,,,3089.0,,159,,,,,833,,,,,,,,,23.0,,,,,,,,,,,,1.0,,,,,,,,,,,3.0,,,,,,,,3.0,,,,,,,,,91.0,,,,,259.0,1.0,,,35.0,,30,,35,,,,,,51,,21.0,86.0,,,,16.0,
,,,,,,,,25.0,,,,,,239.0,,,,,,,,,1.0,,20.0,,,77754,,,,,,,696.0,,,,,,,,,,,,6.0,38.0,,,,130.0,,,,,,,,,,,,,,28.0,,,,,,3858.0,,170,,,,,977,,,,,,,,,23.0,,,,,,,,,,,,1.0,,,,,,,,,,,3.0,,,,,,,,4.0,,,,,,,,,93.0,,,,,400.0,1.0,,,94.0,,31,,37,,,,,,51,,27.0,116.0,,,,16.0,
,,,,,,,,27.0,,,,,,267.0,,,,,,,,,1.0,,24.0,,,78166,,,,,,,696.0,,,,,,,,,,,,6.0,57.0,,,,159.0,,,,,,,,,,,,,,30.0,,,,,,4636.0,,189,,,,,1261,,,,,,,,,25.0,,,,,,,,,,,,1.0,,,,,,,,,,,3.0,,,,,,,,13.0,,,,,,,,,93.0,,,,,500.0,1.0,,,101.0,,32,,40,,,,,,57,,27.0,164.0,,,,16.0,
,,,,,,,,30.0,,,,,,314.0,,,,,,,,,1.0,,27.0,,,78600,,,,,,,696.0,,,,,,,,,,,,12.0,100.0,,,,196.0,,,,,,,,,,,,,,31.0,,,,,,5883.0,,214,,,,,1766,,,,,,,,,29.0,,,,,,,,,,,,1.0,,,,,,,,,,,5.0,,,,,,,,13.0,,,,,,,,,93.0,,,,,673.0,1.0,,,161.0,,32,,40,,,,,,58,,29.0,207.0,,,,16.0,
,,,,,,,,39.0,,,,,,314.0,,,,,,,,,1.0,,30.0,,,78928,,,,,,,696.0,,,,,,,,,,,,15.0,130.0,,,,262.0,,,,,,,,,,,,,,34.0,,,,,,7375.0,,228,,,,,2337,,,,,,,,,29.0,,,,,,,,,,,,1.0,,,,,,,,,,,6.0,,,,,,,,17.0,,,,,,,,,102.0,,,,,1073.0,1.0,,,203.0,,34,,41,,,,,,60,,29.0,274.0,,,,16.0,
,,,,,,,,52.0,,,,,,559.0,,,,,,,,,1.0,,33.0,,,79356,,,,,,,696.0,,,,,,,,,,,,15.0,191.0,,,,482.0,,,,,,,,,,,,,,39.0,,,,,,9172.0,,241,,,,,3150,,,,,,,,,36.0,,,,,,,,,,,,1.0,,,,,,,,,,,10.0,,,,,,,,17.0,,,,,,,,,106.0,,,,,1695.0,1.0,,,248.0,,39,,42,,,,,,68,,45.0,322.0,,,,16.0,
,,,,,,,,55.0,,,,,,689.0,,,,,,,,,1.0,,37.0,,,79932,,,,,,,,,,,,,,,,,,,23.0,204.0,,,,670.0,,,,,,,,,,,,,,43.0,,,,,,10149.0,,256,,,,,3736,,,,,,,,,50.0,,,,,,,,,,,,1.0,,,,,,,,,,,20.0,,,,,,,,20.0,,,,,,,,,108.0,,,,,2277.0,1.0,,,355.0,,40,,42,,,,,,74,,45.0,384.0,,,,16.0,
,,,,,,,,60.0,,,,,,886.0,,,,,,,,,1.0,,49.0,,,80136,,,,,,,,,,,,,,,,,,,30.0,288.0,,,,799.0,,,,,,,,,,,,,,56.0,,,,,,12462.0,,274,,,,,4335,,,,,,,,,50.0,,,,,,,,,,,,1.0,,,,,,,,,,,33.0,,,,,,,,20.0,,,,,,,,,110.0,,,,,2277.0,1.0,,,500.0,,41,,43,,,,,,98,,45.0,459.0,,,,16.0,
,,,,,,,,63.0,,,,,,1058.0,,,,,,,,,2.0,,54.0,,,80261,,,,,,,,,,,,,,,,,,,40.0,380.0,,,,1040.0,,,,,,,,,,,,,,62.0,,,,,,12462.0,,293,,,,,5186,,,,,,,,,83.0,,,,,,,,,,,,1.0,,,,,,,,,,,49.0,,,,,,,,28.0,,,,,,,,,110.0,,,,,5232.0,1.0,,,599.0,,42,,43,,,,,,118,,74.0,459.0,,,,16.0,
,,,,,,,,76.0,,,,,,,,,,,,,,,2.0,,64.0,,,80386,,,,,,,,,,,,,,,,,,,59.0,656.0,,,,1176.0,,,,,,,,,,,,,,73.0,,,,,,17660.0,,331,,,,,5621,,,,,,,,,93.0,,,,,,,,,,,,1.0,,,,,,,,,,,52.0,,,,,,,,45.0,,,,,,,,,117.0,,,,,6391.0,1.0,,,814.0,,42,,43,,,,,,149,,74.0,802.0,,,,16.0,
,,,,,,,,91.0,,,,,,,,,,,,,,,2.0,,77.0,,,80537,,,,,,,,,,,,,,,,,,,59.0,957.0,,,,1457.0,,,,,,,,,,,,,,82.0,,,,,,21157.0,,360,,,,,6088,,,,,,,,,99.0,,,,,,,,,,,,1.0,,,,,,,,,,,64.0,,,,,,,,59.0,,,,,,,,,130.0,,,,,7798.0,1.0,,,961.0,,44,,47,,,,,,217,,85.0,1144.0,,,,16.0,
,,,,,,,,107.0,,,,,,,,,,,,,,,3.0,,79.0,,,80690,,,,,,,,,,,,,,,,,,,155.0,1134.0,,,,1908.0,,,,,,,,,,,,,,102.0,,,,,,24747.0,,420,,,,,6593,,,,,,,,,117.0,,,,,,,,,,,,1.0,,,,,,,,,,,111.0,,,,,,,,63.0,,,,,,,,,138.0,,,,,9942.0,2.0,,,1022.0,,45,,48,,,,,,262,,85.0,1145.0,,,,18.0,
,,,,,,,,128.0,,,,,,,,,,,,,,,3.0,,108.0,,,80770,,,,,,,,,,,,,,,,,,,225.0,1217.0,,,,2078.0,,,,,,,,,,,,,,113.0,,,,,,27980.0,,461,,,,,7041,,,,,,,,,129.0,,,,,,,,,,,,1.0,,,,,,,,,,,140.0,,,,,,,,90.0,,,,,,,,,150.0,,,,,,2.0,,,1103.0,,45,,50,,,,,,402,,85.0,1551.0,,,,30.0,
,,,,,,,,128.0,,,,,,,,,,,,,,,5.0,,117.0,,,80823,,,,,,,,,,,,,,,,,,,244.0,1792.0,,,,3675.0,,,,,,,,,,,,,,119.0,,,,,,,,502,,,,,7314,,,,,,,,,149.0,,,,,,,,,,,,1.0,,,,,,,,,,,142.0,,,,,,,,,,,,,,,,,150.0,,,,,,6.0,,,,,45,,50,,,,,,518,,98.0,,,,,30.0,
,,,,,,,,200.0,,,,,,,,,,,,,,,7.0,,193.0,,,80860,,,,,,,,,,,,,,,,,,,277.0,2289.0,,,,4585.0,,,,,,,,,,,,,,,,,,,,,,511,,,,,7478,,,,,,,,,149.0,,,,,,,,,,,,1.0,,,,,,,,,,,,,,,,,,,,,,,,,,,,160.0,,,,,,10.0,,,,,45,,50,,,,,,583,,98.0,,,,,31.0,
,,,,,,,,250.0,,,,,,,,,,,,,,,7.0,,198.0,,,80887,,,,,,,,,,,,,,,,,,,,2289.0,,,,5795.0,,,,,,,,,,,,,,,,,,,,,,581,,,,,7513,,,,,,,,,197.0,,,,,,,,,,,,1.0,,,,,,,,,,,,,,,,,,,,,,,,,,,,178.0,,,,,,18.0,,,,,47,,53,,,,,,959,,,,,,,38.0,
,,,,,,,,297.0,,,,,,,,,,,,,,,7.0,,252.0,,,80921,,,,,,,,,,,,,,,,,,,,3672.0,,,,7272.0,,,,,,,,,,,,,,,,,,,,,,639,,,,,7755,,,,,,,,,238.0,,,,,,,,,,,,1.0,,,,,,,,,,,,,,,,,,,,,,,,,,,,178.0,,,,,,28.0,,,,,48,,59,,,,,,1281,,,,,,,39.0,
,,,,,,,,377.0,,,,,,,,,,,,,,,,,415.0,,,80932,,,,,,,,,,,,,,,,,,,,4480.0,,,,,,,,,,,,,,,,,,,,,,,,,,639,,,,,7869,,,,,,,,,428.0,,,,,,,,,,,,1.0,,,,,,,,,,,,,,,,,,,,,,,,,,,,200.0,,,,,,,,,,,49,,70,,,,,,1663,,,,,,,47.0,
,,,,,,,,,,,,,,,,,,,,,,,,,,,,80945,,,,,,,,,,,,,,,,,,,,4513.0,,,,,,,,,,,,,,,,,,,,,,,,,,701,,,,,7979,,,,,,,,,566.0,,,,,,,,,,,,1.0,,,,,,,,,,,,,,,,,,,,,,,,,,,,212.0,,,,,,,,,,,50,,75,,,,,,2179,,,,,,,53.0,
,,,,,,,,,,,,,,,,,,,,,,,,,,,,80977,,,,,,,,,,,,,,,,,,,,6650.0,,,,,,,,,,,,,,,,,,,,,,,,,,773,,,,,8086,,,,,,,,,,,,,,,,,,,,,,,,,,,,,,,,,,,,,,,,,,,,,,,,,226.0,,,,,,,,,,,53,,82,,,,,,2727,,,,,,,56.0,
,,,,,,,,,,,,,,,,,,,,,,,,,,,,81003,,,,,,,,,,,,,,,,,,,,,,,,,,,,,,,,,,,,,,,,,,,,,,839,,,,,8162,,,,,,,,,,,,,,,,,,,,,,,,,,,,,,,,,,,,,,,,,,,,,,,,,243.0,,,,,,,,,,,59,,114,,,,,,3499,,,,,,,61.0,
,,,,,,,,,,,,,,,,,,,,,,,,,,,,81033,,,,,,,,,,,,,,,,,,,,,,,,,,,,,,,,,,,,,,,,,,,,,,825,,,,,8236,,,,,,,,,,,,,,,,,,,,,,,,,,,,,,,,,,,,,,,,,,,,,,,,,,,,,,,,,,,,67,,147,,,,,,4632,,,,,,,,
